{
  "coordinator": {
    "Burst With Independent Churn": {
      "num_runs": 5,
      "success_rate": {
        "mean": 0.85,
        "std": 0.0
      },
      "fetch_count": {
        "mean": 20,
        "std": 0.0
      },
      "successful_fetch_count": {
        "mean": 17,
        "std": 0.0
      },
      "failed_fetch_count": {
        "mean": 3,
        "std": 0.0
      },
      "service_latency_ms": {
        "mean": {
          "mean": 46.886261139640254,
          "std": 4.136387267938397
        },
        "median": {
          "mean": 0.554471998475492,
          "std": 0.15133555813032262
        },
        "p95": {
          "mean": 192.35350940376517,
          "std": 12.46701008295964
        },
        "max": {
          "mean": 216.68047420680523,
          "std": 6.0932878008351254
        }
      },
      "source_counts": {
        "cache": {
          "mean": 11,
          "std": 0.0
        },
        "origin": {
          "mean": 2,
          "std": 0.0
        },
        "peer": {
          "mean": 4,
          "std": 0.0
        }
      },
      "bytes_by_source": {
        "cache": {
          "mean": 11534336,
          "std": 0.0
        },
        "origin": {
          "mean": 2097152,
          "std": 0.0
        },
        "peer": {
          "mean": 4194304,
          "std": 0.0
        }
      },
      "bandwidth_reduction": {
        "mean": 0.8823529411764706,
        "std": 0.0
      }
    },
    "Coordinator Failure Fallback Smoke Test": {
      "num_runs": 5,
      "success_rate": {
        "mean": 1.0,
        "std": 0.0
      },
      "fetch_count": {
        "mean": 3,
        "std": 0.0
      },
      "successful_fetch_count": {
        "mean": 3,
        "std": 0.0
      },
      "failed_fetch_count": {
        "mean": 0,
        "std": 0.0
      },
      "service_latency_ms": {
        "mean": {
          "mean": 1514.694517342529,
          "std": 8.617675754614178
        },
        "median": {
          "mean": 2133.666446013376,
          "std": 16.672842576202964
        },
        "p95": {
          "mean": 2200.5169946770184,
          "std": 14.347205674272129
        },
        "max": {
          "mean": 2207.944833417423,
          "std": 15.755134060126451
        }
      },
      "source_counts": {
        "origin": {
          "mean": 2,
          "std": 0.0
        },
        "peer": {
          "mean": 1,
          "std": 0.0
        }
      },
      "bytes_by_source": {
        "origin": {
          "mean": 2097152,
          "std": 0.0
        },
        "peer": {
          "mean": 1048576,
          "std": 0.0
        }
      },
      "bandwidth_reduction": {
        "mean": 0.3333333333333333,
        "std": 0.0
      }
    },
    "Coordinator Partition Fallback Test": {
      "num_runs": 5,
      "success_rate": {
        "mean": 1.0,
        "std": 0.0
      },
      "fetch_count": {
        "mean": 3,
        "std": 0.0
      },
      "successful_fetch_count": {
        "mean": 3,
        "std": 0.0
      },
      "failed_fetch_count": {
        "mean": 0,
        "std": 0.0
      },
      "service_latency_ms": {
        "mean": {
          "mean": 1503.2022273361993,
          "std": 7.50153867354478
        },
        "median": {
          "mean": 2115.4797568102367,
          "std": 23.059847254750565
        },
        "p95": {
          "mean": 2192.948563066311,
          "std": 9.985413411615838
        },
        "max": {
          "mean": 2201.556208205875,
          "std": 11.148326390994484
        }
      },
      "source_counts": {
        "origin": {
          "mean": 2,
          "std": 0.0
        },
        "peer": {
          "mean": 1,
          "std": 0.0
        }
      },
      "bytes_by_source": {
        "origin": {
          "mean": 2097152,
          "std": 0.0
        },
        "peer": {
          "mean": 1048576,
          "std": 0.0
        }
      },
      "bandwidth_reduction": {
        "mean": 0.3333333333333333,
        "std": 0.0
      }
    },
    "Coordinator Timeout Fallback Test": {
      "num_runs": 5,
      "success_rate": {
        "mean": 1.0,
        "std": 0.0
      },
      "fetch_count": {
        "mean": 3,
        "std": 0.0
      },
      "successful_fetch_count": {
        "mean": 3,
        "std": 0.0
      },
      "failed_fetch_count": {
        "mean": 0,
        "std": 0.0
      },
      "service_latency_ms": {
        "mean": {
          "mean": 1377.5030847910482,
          "std": 5.306663129703881
        },
        "median": {
          "mean": 1317.3032329883426,
          "std": 8.999544935005838
        },
        "p95": {
          "mean": 2478.552047177218,
          "std": 13.506379893207251
        },
        "max": {
          "mean": 2607.579693198204,
          "std": 15.592301198264895
        }
      },
      "source_counts": {
        "origin": {
          "mean": 2,
          "std": 0.0
        },
        "peer": {
          "mean": 1,
          "std": 0.0
        }
      },
      "bytes_by_source": {
        "origin": {
          "mean": 2097152,
          "std": 0.0
        },
        "peer": {
          "mean": 1048576,
          "std": 0.0
        }
      },
      "bandwidth_reduction": {
        "mean": 0.3333333333333333,
        "std": 0.0
      }
    },
    "Correlated Class Exit Churn": {
      "num_runs": 5,
      "success_rate": {
        "mean": 0.9090909090909091,
        "std": 0.0
      },
      "fetch_count": {
        "mean": 22,
        "std": 0.0
      },
      "successful_fetch_count": {
        "mean": 20,
        "std": 0.0
      },
      "failed_fetch_count": {
        "mean": 2,
        "std": 0.0
      },
      "service_latency_ms": {
        "mean": {
          "mean": 40.75563797727227,
          "std": 5.717514165060467
        },
        "median": {
          "mean": 0.47750099329277873,
          "std": 0.09676571765166245
        },
        "p95": {
          "mean": 186.18612598511393,
          "std": 22.52884462403769
        },
        "max": {
          "mean": 232.14508501114324,
          "std": 41.022191045272294
        }
      },
      "source_counts": {
        "cache": {
          "mean": 14,
          "std": 0.0
        },
        "origin": {
          "mean": 2,
          "std": 0.0
        },
        "peer": {
          "mean": 4,
          "std": 0.0
        }
      },
      "bytes_by_source": {
        "cache": {
          "mean": 14680064,
          "std": 0.0
        },
        "origin": {
          "mean": 2097152,
          "std": 0.0
        },
        "peer": {
          "mean": 4194304,
          "std": 0.0
        }
      },
      "bandwidth_reduction": {
        "mean": 0.9,
        "std": 0.0
      }
    },
    "Course Burst Workload": {
      "num_runs": 5,
      "success_rate": {
        "mean": 1.0,
        "std": 0.0
      },
      "fetch_count": {
        "mean": 22,
        "std": 0.0
      },
      "successful_fetch_count": {
        "mean": 22,
        "std": 0.0
      },
      "failed_fetch_count": {
        "mean": 0,
        "std": 0.0
      },
      "service_latency_ms": {
        "mean": {
          "mean": 51.64606053995985,
          "std": 2.8844070125960397
        },
        "median": {
          "mean": 0.6195901019964367,
          "std": 0.18222254888419726
        },
        "p95": {
          "mean": 206.06715691712452,
          "std": 6.536827103693335
        },
        "max": {
          "mean": 229.92526518646628,
          "std": 18.877782574313436
        }
      },
      "source_counts": {
        "cache": {
          "mean": 14,
          "std": 0.0
        },
        "origin": {
          "mean": 4,
          "std": 0.0
        },
        "peer": {
          "mean": 4,
          "std": 0.0
        }
      },
      "bytes_by_source": {
        "cache": {
          "mean": 14680064,
          "std": 0.0
        },
        "origin": {
          "mean": 4194304,
          "std": 0.0
        },